player,club,pos1,pos2,pos3,played matches,average score,average total score,goals,assists,scored_penalty,failed_penalty,cleansheet,missed_goals,missed_penalty,caught_penalty,yellow_card,red_card,own_goals
Tomiyasu Takehiro,Arsenal,Dd,E,,20,7.04,7.49,0,1,0,0,9,0,0,0,2,0,0
Leno Bernd,Arsenal,Por,,,4,5.88,2.88,0,0,0,0,1,9,0,0,0,0,0
Bellerin Hector,Arsenal,Dd,E,,0,0,0,0,0,0,0,0,0,0,0,0,0,0
Holding Rob,Arsenal,Dc,,,13,6.57,6.72,1,0,0,0,2,0,0,0,2,1,0
Torreira Lucas,Arsenal,M,C,,0,0,0,0,0,0,0,0,0,0,0,0,0,0
Maitland Niles Ainsley,Arsenal,Dd,E,,6,6.72,7.05,0,0,0,0,2,0,0,0,0,0,0
Xhaka Granit,Arsenal,M,C,,27,7.06,7.1,1,2,0,0,6,0,0,0,10,1,0
Martinelli Gabriel,Arsenal,A,,,26,7.1,7.79,5,6,1,0,0,0,0,0,1,1,0
Nelson Reiss,Arsenal,W,A,,1,6.4,6.4,0,0,0,0,0,0,0,0,0,0,0
Pepe Nicolas,Arsenal,A,,,17,6.57,6.84,1,2,0,0,0,0,0,0,0,0,0
Tierney Kieran,Arsenal,Dc,Ds,E,22,7.12,7.9,1,3,0,0,11,0,0,0,0,0,0
Saka Bukayo,Arsenal,W,,,38,7.36,8.45,9,7,2,0,13,0,0,0,6,0,0
Nketiah Eddie,Arsenal,Pc,,,17,6.88,7.44,5,1,0,0,0,0,0,0,3,0,0
Mari Pablo,Arsenal,Dc,,,2,6.65,6.4,0,0,0,0,0,0,0,0,1,0,0
Soares Cedric,Arsenal,Dd,E,,20,6.78,7.06,1,1,0,0,3,0,0,0,3,0,0
Ramsdale Aaron,Arsenal,Por,,,34,6.69,5.56,0,0,0,0,12,34,5,0,1,0,0
Jesus Gabriel,Arsenal,Pc,,,26,7.45,8.35,7,8,1,0,0,0,0,0,1,0,0
Smith Rowe Emile,Arsenal,T,,,31,7.04,7.95,9,2,0,0,0,0,0,0,1,0,0
Elneny Mohamed,Arsenal,M,C,,10,7.07,7.22,0,2,0,0,0,0,0,0,1,0,0
Magalhaes Gabriel,Arsenal,Dc,,,35,7.14,7.8,5,0,0,0,13,0,0,0,6,1,0
Saliba William,Arsenal,Dc,,,0,0,0,0,0,0,0,0,0,0,0,0,0,0
White Ben,Arsenal,Dc,,,32,7.01,7.31,0,0,0,0,13,0,0,0,3,0,1
Runarsson Runar Alex,Arsenal,Por,,,0,0,0,0,0,0,0,0,0,0,0,0,0,0
Thomas,Arsenal,M,,,24,7.33,7.73,2,1,0,0,10,0,0,0,5,0,0
Odegaard Martin,Arsenal,T,,,36,7.21,7.85,7,4,0,0,0,0,0,0,4,0,0
Lokonga Albert Sambi,Arsenal,M,C,,16,6.9,6.96,0,0,0,0,6,0,0,0,4,0,0
Tavares Nuno,Arsenal,Ds,E,,17,6.73,7.08,1,1,0,0,3,0,0,0,2,0,0
Fabio Vieira,Arsenal,T,W,,0,0,0,0,0,0,0,0,0,0,0,0,0,0
Turner Matt,Arsenal,Por,,,0,0,0,0,0,0,0,0,0,0,0,0,0,0
Marquinhos,Arsenal,W,,,0,0,0,0,0,0,0,0,0,0,0,0,0,0
Young Ashley,Aston Villa,Ds,Dd,E,21,6.79,6.93,0,2,0,0,4,0,0,0,2,0,1
Olsen Robin,Aston Villa,Por,,,1,5.4,0.9,0,0,0,0,0,3,0,0,0,0,0
Martinez Emiliano,Aston Villa,Por,,,36,6.54,5.04,0,0,0,0,11,45,4,1,4,0,0
Chambers Calum,Aston Villa,Dc,Dd,,12,6.78,7.23,1,0,0,0,3,0,0,0,1,0,0
Steer Jed,Aston Villa,Por,,,1,4.6,0.1,0,0,0,0,0,3,0,0,0,0,0
McGinn John,Aston Villa,M,C,,35,7.45,7.85,3,4,0,0,10,0,0,0,8,0,0
Davis Keinan,Aston Villa,Pc,,,1,5.8,5.8,0,0,0,0,0,0,0,0,0,0,0
Guilbert Frederic,Aston Villa,Dd,E,,0,0,0,0,0,0,0,0,0,0,0,0,0,0
Hause Kortney,Aston Villa,Dc,,,5,6.84,7.64,1,0,0,0,1,0,0,0,0,0,0
El Ghazi Anwar,Aston Villa,A,,,8,6.46,6.71,0,1,1,0,0,0,0,0,2,0,0
Mings Tyrone,Aston Villa,Dc,,,36,6.99,7.31,1,3,0,0,11,0,0,0,11,0,0
Konsa Ezri,Aston Villa,Dc,,,29,6.59,6.87,2,0,0,0,8,0,0,0,4,2,0
Luiz Douglas,Aston Villa,M,,,34,7.11,7.28,2,3,0,0,0,0,0,0,7,0,0
Nakamba Marvelous,Aston Villa,M,C,,15,6.79,6.65,0,0,0,0,1,0,0,0,5,0,0
Digne Lucas,Aston Villa,Ds,E,,29,7.02,7.23,0,4,0,0,7,0,0,0,6,0,1
Buendia Emiliano,Aston Villa,E,W,,33,6.94,7.55,4,6,0,0,5,0,0,0,1,0,0
Ings Danny,Aston Villa,Pc,,,28,6.81,7.45,6,6,1,0,0,0,0,0,4,0,0
Cash Matthew,Aston Villa,Dd,E,,38,7.04,7.65,4,3,0,0,12,0,0,0,8,0,0
Watkins Ollie,Aston Villa,Pc,,,35,6.93,7.51,10,2,1,0,0,0,0,0,7,0,0
Ramsey Jacob,Aston Villa,C,,,34,7.0,7.47,6,1,0,0,0,0,0,0,6,0,0
Traore Bertrand,Aston Villa,A,,,7,6.44,6.44,0,0,0,0,0,0,0,0,0,0,0
Bailey Leon,Aston Villa,W,,,18,6.42,6.62,1,2,0,0,0,0,0,0,3,0,0
Augustinsson Ludwig,Aston Villa,Ds,E,,0,0,0,0,0,0,0,0,0,0,0,0,0,0
Sanson Morgan,Aston Villa,C,,,10,6.53,6.53,0,0,0,0,0,0,0,0,0,0,0
Coutinho Philippe,Aston Villa,T,,,18,7.02,7.86,4,3,0,0,0,0,0,0,0,0,0
Diego Carlos,Aston Villa,Dc,,,0,0,0,0,0,0,0,0,0,0,0,0,0,0
Kamara Boubacar,Aston Villa,Dc,M,,0,0,0,0,0,0,0,0,0,0,0,0,0,0
Chukwuemeka Carney,Aston Villa,C,T,,10,6.3,6.3,0,0,0,0,0,0,0,0,0,0,0
Philogene-Bidace Jaden,Aston Villa,W,,,0,0,0,0,0,0,0,0,0,0,0,0,0,0
Archer Cameron,Aston Villa,Pc,,,0,0,0,0,0,0,0,0,0,0,0,0,0,0
Travers Mark,Bournemouth,Por,,,0,0,0,0,0,0,0,0,0,0,0,0,0,0
Smith Adam,Bournemouth,Ds,Dd,E,0,0,0,0,0,0,0,0,0,0,0,0,0,0
Mepham Chris,Bournemouth,Dc,,,0,0,0,0,0,0,0,0,0,0,0,0,0,0
Lerma Jefferson,Bournemouth,M,C,,0,0,0,0,0,0,0,0,0,0,0,0,0,0
Cook Lewis,Bournemouth,E,C,,0,0,0,0,0,0,0,0,0,0,0,0,0,0
Stanislas Junior,Bournemouth,W,A,,0,0,0,0,0,0,0,0,0,0,0,0,0,0
Brooks David,Bournemouth,T,A,,0,0,0,0,0,0,0,0,0,0,0,0,0,0
Solanke Dominic,Bournemouth,Pc,,,0,0,0,0,0,0,0,0,0,0,0,0,0,0
Kelly Lloyd,Bournemouth,Ds,,,0,0,0,0,0,0,0,0,0,0,0,0,0,0
Stacey Jack,Bournemouth,Dd,,,0,0,0,0,0,0,0,0,0,0,0,0,0,0
Billing Philip,Bournemouth,M,C,,0,0,0,0,0,0,0,0,0,0,0,0,0,0
Fredericks Ryan,Bournemouth,Dd,E,,6,6.27,6.18,0,0,0,0,0,0,0,0,1,0,0
Moore Kieffer,Bournemouth,Pc,,,0,0,0,0,0,0,0,0,0,0,0,0,0,0
Christie Ryan,Bournemouth,T,W,,0,0,0,0,0,0,0,0,0,0,0,0,0,0
Zemura Jordan,Bournemouth,Ds,E,,0,0,0,0,0,0,0,0,0,0,0,0,0,0
Rothwell Joe,Bournemouth,M,C,,0,0,0,0,0,0,0,0,0,0,0,0,0,0
Pearson Ben,Bournemouth,C,,,0,0,0,0,0,0,0,0,0,0,0,0,0,0
Marcondes Emiliano,Bournemouth,T,,,0,0,0,0,0,0,0,0,0,0,0,0,0,0
Anthony Jaidon,Bournemouth,W,A,,0,0,0,0,0,0,0,0,0,0,0,0,0,0
Dembele Siriki,Bournemouth,Pc,,,0,0,0,0,0,0,0,0,0,0,0,0,0,0
Lowe Jamal,Bournemouth,Pc,,,0,0,0,0,0,0,0,0,0,0,0,0,0,0
Strakosha Thomas,Brentford,Por,,,0,0,0,0,0,0,0,0,0,0,0,0,0,0
Hickey Aaron,Brentford,Ds,E,,0,0,0,0,0,0,0,0,0,0,0,0,0,0
Dervisoglu Halil,Brentford,Pc,,,0,0,0,0,0,0,0,0,0,0,0,0,0,0
Jensen Mathias,Brentford,C,,,28,6.65,6.68,0,1,0,0,0,0,0,0,0,0,0
Norgaard Christian,Brentford,M,C,,35,7.45,7.82,3,4,0,0,8,0,0,0,8,0,0
Forss Marcus,Brentford,Pc,,,6,6.25,6.42,0,1,0,0,0,0,0,0,0,0,0
Jansson Pontus,Brentford,Dc,,,37,6.87,7.26,3,1,0,0,8,0,0,0,7,0,0
Raya David,Brentford,Por,,,24,6.85,5.73,0,0,0,0,8,23,4,0,1,0,0
Pinnock Ethan,Brentford,Dc,,,32,7.05,7.38,1,1,0,0,7,0,0,0,1,0,0
Bech Mads,Brentford,Dc,Ds,,11,6.57,6.62,0,0,0,0,2,0,0,0,3,0,0
Goode Charlie,Brentford,Dc,,,6,6.97,6.88,0,0,0,0,1,0,0,0,3,0,0
Racic Luka,Brentford,Dc,,,0,0,0,0,0,0,0,0,0,0,0,0,0,0
Henry Rico,Brentford,Ds,E,,34,6.86,7.36,3,0,0,0,9,0,0,0,2,0,0
Thompson Dominic,Brentford,Ds,E,,2,6.15,6.15,0,0,0,0,0,0,0,0,0,0,0
Roerslev Mads,Brentford,Dd,E,,20,6.45,6.67,1,1,0,0,1,0,0,0,1,0,0
Stevens Fin,Brentford,Dd,E,,1,6.5,6.5,0,0,0,0,0,0,0,0,0,0,0
Dasilva Josh,Brentford,M,C,,9,6.22,6.0,0,0,0,0,0,0,0,0,0,1,0
Janelt Vitaly,Brentford,M,,,31,7.05,7.52,4,0,0,0,8,0,0,0,3,0,0
Baptiste Shandon,Brentford,C,,,18,6.54,6.59,1,0,0,0,0,0,0,0,0,1,0
Ghoddos Saman,Brentford,T,,,13,6.68,6.91,1,1,0,0,0,0,0,0,2,0,0
Fosu Tariqe,Brentford,W,,,1,6.2,6.2,0,0,0,0,0,0,0,0,0,0,0
Valencia Joel,Brentford,W,,,0,0,0,0,0,0,0,0,0,0,0,0,0,0
Mbeumo Bryan,Brentford,W,,,35,6.86,7.31,3,7,1,0,0,0,0,0,4,0,0
Canos Sergi,Brentford,E,W,,30,6.82,6.95,3,2,0,0,0,0,0,0,6,1,1
Toney Ivan,Brentford,Pc,,,33,7.34,8.09,8,5,4,0,0,0,0,0,8,0,0
Ajer Kristoffer,Brentford,Dc,,,24,6.95,7.39,1,3,0,0,7,0,0,0,5,0,0
Onyeka Frank,Brentford,M,C,,19,6.55,6.53,0,0,0,0,3,0,0,0,4,0,0
Wissa Yoane,Brentford,A,,,26,6.65,7.17,5,1,0,0,0,0,0,0,0,0,0
Lewis-Potter Keane,Brentford,T,W,,0,0,0,0,0,0,0,0,0,0,0,0,0,0
Steele Jason,Brighton,Por,,,1,5.7,2.7,0,0,0,0,0,2,0,0,0,0,0
Duffy Shane,Brighton,Dc,,,17,7.0,7.21,1,0,0,0,4,0,0,0,7,0,0
Dunk Lewis,Brighton,Dc,,,29,6.94,7.29,1,0,0,0,10,0,0,0,2,1,0
Gros Pascal,Brighton,C,T,,27,7.13,7.37,2,4,0,1,0,0,0,0,1,0,0
March Solly,Brighton,E,W,,28,6.78,6.94,0,2,0,0,6,0,0,0,1,0,0
Trossard Leandro,Brighton,A,,,34,7.1,7.73,7,3,1,0,0,0,0,0,2,0,0
Webster Adam,Brighton,Dc,,,21,7.01,7.37,2,0,0,0,4,0,0,0,5,0,0
Maupay Neal,Brighton,Pc,,,31,6.61,6.98,7,2,1,1,0,0,0,0,7,0,0
Alzate Steven,Brighton,C,T,,7,6.77,6.77,0,0,0,0,0,0,0,0,0,0,0
Lamptey Tariq,Brighton,Dd,E,,28,6.78,6.98,0,2,0,0,5,0,0,0,3,0,0
Mac Allister Alexis,Brighton,T,,,31,7.18,7.52,3,2,2,1,0,0,0,0,3,0,0
Lallana Adam,Brighton,C,T,,22,6.95,6.9,0,1,0,0,0,0,0,0,4,0,0
Welbeck Danny,Brighton,Pc,,,25,6.78,7.34,6,2,0,0,0,0,0,0,0,0,0
Andone Florin,Brighton,Pc,,,0,0,0,0,0,0,0,0,0,0,0,0,0,0
Veltman Joel,Brighton,Dc,Dd,,34,7.1,7.37,1,1,0,0,8,0,0,0,6,0,0
Sanchez Robert,Brighton,Por,,,37,6.58,5.24,0,0,0,0,11,39,3,0,3,1,0
Zeqiri Andi,Brighton,Pc,,,0,0,0,0,0,0,0,0,0,0,0,0,0,0
Caicedo Moises,Brighton,M,C,,8,7.43,7.99,1,1,0,0,3,0,0,0,2,0,0
Moder Jakub,Brighton,C,,,26,6.8,6.88,0,3,0,0,0,0,0,0,2,0,0
Kozlowski Kacper,Brighton,C,T,,0,0,0,0,0,0,0,0,0,0,0,0,0,0
Mwepu Enock,Brighton,E,,,18,6.85,7.41,2,4,0,0,2,0,0,0,2,0,0
Scherpen Kjell,Brighton,Por,,,0,0,0,0,0,0,0,0,0,0,0,0,0,0
Ostigard Leo,Brighton,Dc,,,0,0,0,0,0,0,0,0,0,0,0,0,0,0
van Hecke Jan Paul,Brighton,Dc,,,0,0,0,0,0,0,0,0,0,0,0,0,0,0
Karbownik Michal,Brighton,Ds,E,,0,0,0,0,0,0,0,0,0,0,0,0,0,0
Cucurella Marc,Brighton,Ds,E,,35,7.42,7.59,1,1,0,0,10,0,0,0,6,0,0
Richards Taylor,Brighton,T,,,1,6.4,6.4,0,0,0,0,0,0,0,0,0,0,0
Clarke Matt,Brighton,Dc,,,0,0,0,0,0,0,0,0,0,0,0,0,0,0
Sarmiento Jeremy,Brighton,T,W,,0,0,0,0,0,0,0,0,0,0,0,0,0,0
Mitoma Kaoru,Brighton,E,W,,0,0,0,0,0,0,0,0,0,0,0,0,0,0
Enciso Julio,Brighton,A,,,0,0,0,0,0,0,0,0,0,0,0,0,0,0
Undav Deniz,Brighton,Pc,,,0,0,0,0,0,0,0,0,0,0,0,0,0,0
Koulibaly Kalidou,Chelsea,Dc,,,0,0,0,0,0,0,0,0,0,0,0,0,0,0
Arrizabalaga Kepa,Chelsea,Por,,,4,7.2,7.2,0,0,0,0,2,2,0,0,0,0,0
Alonso Marcos,Chelsea,Ds,E,,27,7.42,8.2,4,4,0,0,9,0,0,0,8,0,0
Azpilicueta Cesar,Chelsea,Dc,Ds,Dd,27,7.16,7.55,1,2,0,0,7,0,0,0,3,0,0
Palmieri Emerson,Chelsea,Ds,E,,0,0,0,0,0,0,0,0,0,0,0,0,0,0
Jorginho,Chelsea,M,C,,29,7.49,7.99,0,2,6,1,12,0,0,0,5,0,0
Kante N'Golo,Chelsea,M,C,,25,7.39,7.89,2,3,0,0,9,0,0,0,2,0,0
Barkley Ross,Chelsea,C,T,,5,7.06,7.66,1,0,0,0,0,0,0,0,0,0,0
Loftus-Cheek Ruben,Chelsea,C,T,,23,7.1,7.17,0,2,0,0,0,0,0,0,1,0,0
Hudson-Odoi Callum,Chelsea,T,W,,15,7.05,7.32,1,2,0,0,0,0,0,0,1,0,0
James Reece,Chelsea,Dd,E,,25,7.5,8.5,5,9,0,0,7,0,0,0,4,1,1
Pulisic Christian,Chelsea,T,W,,21,6.96,7.87,6,2,0,0,0,0,0,0,2,0,0
Kovacic Mateo,Chelsea,C,,,25,7.26,7.62,2,5,0,0,0,0,0,0,4,0,0
Batshuayi Michy,Chelsea,Pc,,,0,0,0,0,0,0,0,0,0,0,0,0,0,0
Mount Mason,Chelsea,T,,,30,7.48,8.82,10,10,1,0,0,0,0,0,4,0,0
Gilmour Billy,Chelsea,M,C,,23,6.74,6.79,0,1,0,0,2,0,0,0,2,0,0
Chilwell Ben,Chelsea,Ds,E,,6,7.98,10.32,3,1,0,0,4,0,0,0,0,0,0
Sterling Raheem,Chelsea,A,,,29,7.43,8.57,11,5,2,1,0,0,0,0,1,0,0
Gallagher Conor,Chelsea,C,,,34,7.24,7.89,8,3,0,0,0,0,0,0,10,0,0
Werner Timo,Chelsea,Pc,,,19,6.66,7.11,4,1,0,0,0,0,0,0,1,0,0
Kenedy,Chelsea,E,,,1,8.0,9.0,0,1,0,0,0,0,0,0,0,0,0
Ziyech Hakim,Chelsea,T,W,,21,7.2,7.84,4,3,0,0,0,0,0,0,3,0,0
Ampadu Ethan,Chelsea,Dc,,,0,0,0,0,0,0,0,0,0,0,0,0,0,0
Sarr Malang,Chelsea,Dc,,,7,7.33,7.76,0,0,0,0,4,0,0,0,2,0,0
Silva Thiago,Chelsea,Dc,,,32,7.42,8.01,3,0,0,0,11,0,0,0,2,0,0
Miazga Matt,Chelsea,Dc,,,0,0,0,0,0,0,0,0,0,0,0,0,0,0
Bettinelli Marcus,Chelsea,Por,,,0,0,0,0,0,0,0,0,0,0,0,0,0,0
Havertz Kai,Chelsea,T,A,,27,7.06,7.85,8,3,0,0,0,0,0,0,3,0,0
Mendy Edouard,Chelsea,Por,,,34,6.74,6.03,0,0,0,0,14,25,6,0,3,0,0
Baba Abdul Rahman,Chelsea,Ds,E,,0,0,0,0,0,0,0,0,0,0,0,0,0,0
Broja Armando,Chelsea,Pc,,,31,6.5,6.86,6,0,0,0,0,0,0,0,2,0,0
Chalobah Trevoh,Chelsea,Dc,M,,19,7.42,8.36,3,1,0,0,9,0,0,0,2,0,0
Guaita Vicente,Crystal Palace,Por,,,30,6.61,5.53,0,0,0,0,11,30,3,0,2,0,0
Ward Joel,Crystal Palace,Dd,E,,28,6.95,7.13,0,0,0,0,9,0,0,0,8,0,0
Tomkins James,Crystal Palace,Dc,,,6,6.77,7.1,1,0,0,0,0,0,0,0,2,0,0
Schlupp Jeffrey,Crystal Palace,W,,,29,6.87,7.3,4,1,0,0,0,0,0,0,1,0,0
Milivojevic Luka,Crystal Palace,M,C,,15,6.63,6.5,0,0,0,0,1,0,0,0,1,0,1
Kouyate Cheikhou,Crystal Palace,M,C,,26,7.01,7.14,0,1,0,0,8,0,0,0,3,0,0
McArthur James,Crystal Palace,C,,,20,7.25,7.3,0,3,0,0,0,0,0,0,4,0,0
Riedewald Jairo,Crystal Palace,Dc,Ds,,3,6.27,6.27,0,0,0,0,0,0,0,0,0,0,0
Zaha Wilfried,Crystal Palace,A,,,33,7.08,7.81,10,1,4,2,0,0,0,0,4,1,0
Benteke Christian,Crystal Palace,Pc,,,20,6.78,7.15,4,1,0,0,0,0,0,0,3,0,0
Ayew Jordan,Crystal Palace,Pc,,,29,6.76,7.03,3,3,0,0,0,0,0,0,2,0,0
Clyne Nathaniel,Crystal Palace,Dd,,,15,6.98,7.41,0,1,0,0,6,0,0,0,1,0,0
Hughes Will,Crystal Palace,E,C,,14,6.96,7.0,0,1,0,0,4,0,0,0,5,0,0
Eze Eberechi,Crystal Palace,T,W,,11,6.84,7.15,1,1,0,0,0,0,0,0,1,0,0
Ferguson Nathan,Crystal Palace,Dd,,,0,0,0,0,0,0,0,0,0,0,0,0,0,0
Johnstone Sam,Crystal Palace,Por,,,0,0,0,0,0,0,0,0,0,0,0,0,0,0
Mitchell Tyrick,Crystal Palace,Ds,E,,36,7.11,7.43,0,2,0,0,10,0,0,0,1,0,0
Andersen Joachim,Crystal Palace,Dc,,,33,6.91,7.24,0,3,0,0,12,0,0,0,4,0,1
Butland Jack,Crystal Palace,Por,,,9,6.27,4.6,0,0,0,0,1,13,0,1,0,0,0
Mateta Jean-Philippe,Crystal Palace,Pc,,,19,6.61,7.14,5,1,0,0,0,0,0,0,2,0,0
Matthews Remi,Crystal Palace,Por,,,0,0,0,0,0,0,0,0,0,0,0,0,0,0
Olise Michael,Crystal Palace,T,W,,21,6.95,7.33,2,4,0,0,0,0,0,0,4,0,0
Guehi Marc,Crystal Palace,Dc,,,36,7.04,7.49,2,1,0,0,11,0,0,0,4,0,0
Doucoure Cheick,Crystal Palace,M,,,0,0,0,0,0,0,0,0,0,0,0,0,0,0
Edouard Odsonne,Crystal Palace,Pc,,,25,6.78,7.14,3,3,1,0,0,0,0,0,4,0,0
Allan,Everton,M,C,,27,6.91,6.89,0,2,0,0,6,0,0,0,7,1,0
Begovic Asmir,Everton,Por,,,3,6.37,3.03,0,0,0,0,1,7,1,0,0,0,0
Tarkowski James,Everton,Dc,,,35,7.05,7.18,1,2,0,0,7,0,0,0,11,0,1
Townsend Andros,Everton,W,A,,20,7.02,7.4,2,2,1,0,0,0,0,0,3,0,0
Pickford Jordan,Everton,Por,,,35,6.45,4.25,0,0,0,0,7,57,1,0,2,0,0
Keane Michael,Everton,Dc,,,32,6.71,7.05,3,2,0,0,7,0,0,0,2,1,2
Mina Yerry,Everton,Dc,,,12,6.78,6.82,0,0,0,0,2,0,0,0,3,0,0
Coleman Seamus,Everton,Dd,E,,30,6.76,6.96,1,0,0,0,7,0,0,0,4,0,1
Davies Tom,Everton,C,T,,4,6.6,7.23,1,0,0,0,0,0,0,0,1,0,0
Calvert-Lewin Dominic,Everton,Pc,,,17,6.86,7.33,3,2,2,1,0,0,0,0,2,0,0
Gomes Andre,Everton,C,,,11,6.36,6.32,0,1,0,0,0,0,0,0,3,0,0
Holgate Mason,Everton,Dc,Dd,,24,6.66,6.93,2,1,0,0,5,0,0,0,7,0,1
Gbamin Jean-Philippe,Everton,M,,,2,6.2,6.2,0,0,0,0,0,0,0,0,0,0,0
Iwobi Alex,Everton,W,A,,26,6.94,7.19,2,2,0,0,0,0,0,0,1,0,0
Gray Demarai,Everton,A,,,34,6.93,7.37,5,4,0,0,0,0,0,0,3,0,0
Godfrey Ben,Everton,Dc,,,23,6.58,6.63,0,0,0,0,4,0,0,0,6,0,0
Alli Dele,Everton,T,,,18,6.52,6.52,0,0,1,0,0,0,0,0,4,0,0
Doucoure Abdoulaye,Everton,C,T,,29,7.2,7.44,2,4,0,0,0,0,0,0,6,0,0
Gordon Anthony,Everton,W,,,34,6.89,7.24,4,2,0,0,0,0,0,0,4,0,0
Branthwaite Jarrad,Everton,Dc,,,6,6.22,6.38,1,0,0,0,0,0,0,0,0,1,0
Nkounkou Niels,Everton,Ds,E,,0,0,0,0,0,0,0,0,0,0,0,0,0,0
Mykolenko Vitalii,Everton,Dc,Ds,E,11,6.99,7.54,1,0,0,0,3,0,0,0,0,0,0
Patterson Nathan,Everton,Dd,E,,0,0,0,0,0,0,0,0,0,0,0,0,0,0
Rondon Salomon,Everton,Pc,,,15,6.28,6.38,1,1,0,0,0,0,0,0,3,0,0
Wilson Harry,Fulham,W,A,,0,0,0,0,0,0,0,0,0,0,0,0,0,0
Pereira Andreas,Fulham,T,,,0,0,0,0,0,0,0,0,0,0,0,0,0,0
Gazzaniga Paulo,Fulham,Por,,,0,0,0,0,0,0,0,0,0,0,0,0,0,0
Chalobah Nathaniel,Fulham,M,C,,0,0,0,0,0,0,0,0,0,0,0,0,0,0
Rodak Marek,Fulham,Por,,,0,0,0,0,0,0,0,0,0,0,0,0,0,0
Ream Tim,Fulham,Dc,,,0,0,0,0,0,0,0,0,0,0,0,0,0,0
Bryan Joe,Fulham,Ds,E,,0,0,0,0,0,0,0,0,0,0,0,0,0,0
Robinson Antonee,Fulham,Ds,E,,0,0,0,0,0,0,0,0,0,0,0,0,0,0
Kebano Neeskens,Fulham,W,,,0,0,0,0,0,0,0,0,0,0,0,0,0,0
Cairney Tom,Fulham,C,,,0,0,0,0,0,0,0,0,0,0,0,0,0,0
Onomah Josh,Fulham,C,T,,0,0,0,0,0,0,0,0,0,0,0,0,0,0
Reed Harrison,Fulham,M,C,,0,0,0,0,0,0,0,0,0,0,0,0,0,0
Mitrovic Aleksandar,Fulham,Pc,,,0,0,0,0,0,0,0,0,0,0,0,0,0,0
Reid Bobby,Fulham,A,,,0,0,0,0,0,0,0,0,0,0,0,0,0,0
Cavaleiro Ivan,Fulham,A,,,0,0,0,0,0,0,0,0,0,0,0,0,0,0
Tete Kenny,Fulham,Dd,E,,0,0,0,0,0,0,0,0,0,0,0,0,0,0
Francois Tyrese,Fulham,C,,,0,0,0,0,0,0,0,0,0,0,0,0,0,0
Adarabioyo Tosin,Fulham,Dc,,,0,0,0,0,0,0,0,0,0,0,0,0,0,0
Knockaert Anthony,Fulham,T,W,,0,0,0,0,0,0,0,0,0,0,0,0,0,0
Kongolo Terence,Fulham,Dc,,,0,0,0,0,0,0,0,0,0,0,0,0,0,0
Palhinha Joao,Fulham,M,,,0,0,0,0,0,0,0,0,0,0,0,0,0,0
Rodrigo Muniz,Fulham,Pc,,,0,0,0,0,0,0,0,0,0,0,0,0,0,0
James Daniel,Leeds,W,A,,34,6.67,6.92,4,4,0,0,0,0,0,0,7,1,0
Casilla Kiko,Leeds,Por,,,0,0,0,0,0,0,0,0,0,0,0,0,0,0
Ayling Luke,Leeds,Dd,E,,26,6.69,6.92,2,2,0,0,2,0,0,0,4,1,0
Cooper Liam,Leeds,Dc,,,21,7.05,7.21,0,1,0,0,5,0,0,0,5,0,0
Struijk Pascal,Leeds,Dc,,,26,6.55,6.36,0,0,0,0,0,0,0,0,6,1,0
Davis Leif,Leeds,Ds,E,,0,0,0,0,0,0,0,0,0,0,0,0,0,0
Koch Robin,Leeds,Dc,,,20,6.34,6.32,0,0,0,0,1,0,0,0,3,0,0
Forshaw Adam,Leeds,C,,,21,6.59,6.52,0,1,0,0,0,0,0,0,5,0,0
Dallas Stuart,Leeds,E,C,,34,6.99,7.09,1,1,0,0,4,0,0,0,5,0,0
Klich Mateusz,Leeds,C,,,32,6.71,6.79,1,2,0,0,0,0,0,0,5,0,0
Shackleton Jamie,Leeds,C,,,13,6.6,6.45,0,0,0,0,0,0,0,0,4,0,0
Harrison Jack,Leeds,W,,,35,6.83,7.5,8,1,0,0,0,0,0,0,3,0,0
Poveda Ian,Leeds,W,,,0,0,0,0,0,0,0,0,0,0,0,0,0,0
Bamford Patrick,Leeds,Pc,,,9,6.77,7.32,2,2,0,0,0,0,0,0,2,0,0
Gelhardt Joe,Leeds,Pc,,,18,6.36,6.36,0,2,0,0,0,0,0,0,4,0,0
Moreno Rodrigo,Leeds,Pc,,,31,6.82,7.09,6,1,0,0,0,0,0,0,9,0,0
Meslier Illan,Leeds,Por,,,38,6.31,3.43,0,0,0,0,5,74,5,0,2,0,0
Costa Helder,Leeds,W,,,1,6.1,6.1,0,0,0,0,0,0,0,0,0,0,0
Llorente Diego,Leeds,Dc,,,28,6.92,7.3,3,0,0,0,5,0,0,0,7,0,0
Roca Marc,Leeds,M,C,,0,0,0,0,0,0,0,0,0,0,0,0,0,0
Adams Tyler,Leeds,E,M,,0,0,0,0,0,0,0,0,0,0,0,0,0,0
Firpo Junior,Leeds,Ds,E,,24,6.65,6.46,0,2,0,0,1,0,0,0,11,0,1
Klaesson Kristoffer,Leeds,Por,,,1,6.5,6.5,0,0,0,0,0,0,0,0,0,0,0
Aaronson Brenden,Leeds,T,,,0,0,0,0,0,0,0,0,0,0,0,0,0,0
Kristensen Rasmus,Leeds,Dd,E,,0,0,0,0,0,0,0,0,0,0,0,0,0,0
Drameh Cody,Leeds,Dd,E,,3,6.07,5.9,0,0,0,0,0,0,0,0,1,0,0
Summerville Crysencio,Leeds,W,,,3,6.53,6.53,0,0,0,0,0,0,0,0,0,0,0
Greenwood Sam,Leeds,Pc,,,5,6.86,7.26,0,2,0,0,0,0,0,0,0,0,0
Castagne Timothy,Leicester,Dd,E,,26,6.95,7.2,1,0,0,0,4,0,0,0,1,0,0
Schmeichel Kasper,Leicester,Por,,,37,6.49,4.65,0,0,0,0,7,51,7,2,2,0,0
Ward Danny,Leicester,Por,,,1,7.0,5.5,0,0,0,0,0,1,0,0,0,0,0
Soyuncu Caglar,Leicester,Dc,,,28,6.96,7.16,1,0,0,0,5,0,0,0,5,0,0
Evans Jonny,Leicester,Dc,,,18,7.1,7.29,1,1,0,0,1,0,0,0,3,0,0
Pereira Ricardo,Leicester,Dd,E,,14,7.24,7.63,1,3,0,0,1,0,0,0,3,0,0
Maddison James,Leicester,T,,,35,7.23,8.45,12,8,0,0,0,0,0,0,3,0,0
Albrighton Marc,Leicester,E,W,,17,6.78,7.04,1,2,0,0,2,0,0,0,3,0,0
Amartey Daniel,Leicester,Dc,,,26,6.74,6.76,0,0,0,0,5,0,0,0,4,0,0
Barnes Harvey,Leicester,W,,,32,6.96,7.81,6,10,0,0,0,0,0,0,2,0,0
Mendy Nampalys,Leicester,M,,,14,6.69,6.61,0,0,0,0,1,0,0,0,3,0,0
Ndidi Wilfred,Leicester,M,,,19,7.23,7.25,0,0,0,0,5,0,0,0,4,0,0
Choudhury Hamza,Leicester,M,C,,5,6.76,6.76,0,0,0,0,1,0,0,0,1,0,0
Iheanacho Kelechi,Leicester,Pc,,,24,6.68,7.2,4,5,0,0,0,0,0,0,1,0,0
Vardy Jamie,Leicester,Pc,,,25,7.08,8.24,15,2,0,0,0,0,0,0,2,0,1
Justin James,Leicester,Ds,Dd,E,13,6.98,7.13,0,0,0,0,2,0,0,0,0,0,0
Perez Ayoze,Leicester,A,,,12,6.56,7.06,2,3,0,0,0,0,0,0,0,1,0
Tielemans Youri,Leicester,C,T,,32,7.31,7.88,4,4,2,0,0,0,0,0,3,0,0
Praet Dennis,Leicester,C,T,,0,0,0,0,0,0,0,0,0,0,0,0,0,0
Vestergaard Jannik,Leicester,Dc,,,8,6.53,6.4,0,0,0,0,0,0,0,0,2,0,0
Bertrand Ryan,Leicester,Ds,E,,4,6.18,6.05,0,0,0,0,0,0,0,0,1,0,0
Dewsbury-Hall Kiernan,Leicester,M,,,26,7.09,7.32,1,2,0,0,6,0,0,0,4,0,0
Thomas Luke,Leicester,Ds,E,,22,6.9,7.12,0,1,0,0,5,0,0,0,2,0,0
Fofana Wesley,Leicester,Dc,,,7,7.36,7.36,0,0,0,0,1,0,0,0,2,0,0
Soumare Boubakary,Leicester,M,C,,17,6.79,6.91,0,1,0,0,2,0,0,0,0,0,0
Daka Patson,Leicester,Pc,,,20,6.59,7.19,5,3,0,0,0,0,0,0,2,0,0
Alisson,Liverpool,Por,,,36,7.01,6.81,0,1,0,0,20,24,0,0,0,0,1
Kelleher Caoimhin,Liverpool,Por,,,2,7.35,6.6,0,0,0,0,1,2,0,0,0,0,0
van Dijk Virgil,Liverpool,Dc,,,34,7.49,8.36,3,1,0,0,21,0,0,0,3,0,0
Gomez Joe,Liverpool,Dc,Dd,,5,7.26,7.66,0,1,0,0,2,0,0,0,2,0,0
Robertson Andrew,Liverpool,Ds,E,,29,7.72,8.8,3,10,0,0,17,0,0,0,5,1,0
Matip Joel,Liverpool,Dc,,,31,7.62,8.53,3,3,0,0,17,0,0,0,2,0,0
Alexander-Arnold Trent,Liverpool,Dd,E,,32,7.94,9.03,2,12,0,0,18,0,0,0,2,0,0
Fabinho,Liverpool,M,,,29,7.41,8.29,3,1,2,0,15,0,0,0,7,0,0
Milner James,Liverpool,C,,,15,7.17,7.17,0,1,0,0,0,0,0,0,2,0,0
Keita Naby,Liverpool,C,,,20,7.18,7.63,3,1,0,0,0,0,0,0,2,0,0
Henderson Jordan,Liverpool,M,C,,34,7.44,7.93,2,5,0,0,14,0,0,0,3,0,0
Oxlade-Chamberlain Alex,Liverpool,C,,,14,6.91,7.41,2,1,0,0,0,0,0,0,0,0,0
Jones Curtis,Liverpool,C,,,12,7.38,7.71,1,1,0,0,0,0,0,0,0,0,0
Firmino Roberto,Liverpool,Pc,,,18,7.07,7.76,5,4,0,0,0,0,0,0,3,0,0
Salah Mohamed,Liverpool,A,,,35,7.76,9.6,18,13,5,1,0,0,0,0,1,0,0
Adrian,Liverpool,Por,,,0,0,0,0,0,0,0,0,0,0,0,0,0,0
Jota Diogo,Liverpool,Pc,,,35,7.23,8.38,15,4,0,0,0,0,0,0,3,0,0
Elliott Harvey,Liverpool,T,W,,5,7.26,7.26,0,0,0,0,0,0,0,0,0,0,0
Tsimikas Konstantinos,Liverpool,Ds,E,,11,7.55,8.01,0,2,0,0,4,0,0,0,2,0,0
Phillips Nathaniel,Liverpool,Dc,,,0,0,0,0,0,0,0,0,0,0,0,0,0,0
van den Berg Sepp,Liverpool,Dc,,,0,0,0,0,0,0,0,0,0,0,0,0,0,0
Alcantara Thiago,Liverpool,C,,,24,7.51,7.76,1,4,0,0,0,0,0,0,2,0,0
Carvalho Fabio,Liverpool,T,W,,0,0,0,0,0,0,0,0,0,0,0,0,0,0
Williams Rhys,Liverpool,Dc,,,0,0,0,0,0,0,0,0,0,0,0,0,0,0
Konate Ibrahima,Liverpool,Dc,,,11,7.24,7.51,0,0,0,0,4,0,0,0,2,0,0
Davies Ben,Liverpool,Dc,,,0,0,0,0,0,0,0,0,0,0,0,0,0,0
Nunez Darwin,Liverpool,Pc,,,0,0,0,0,0,0,0,0,0,0,0,0,0,0
Diaz Luis,Liverpool,W,,,12,7.59,8.84,4,3,0,0,0,0,0,0,0,0,0
Ramsay Calvin,Liverpool,Dd,E,,0,0,0,0,0,0,0,0,0,0,0,0,0,0
Grealish Jack,Manchester City,A,,,23,7.55,8.01,3,3,0,0,0,0,0,0,3,0,0
Ake Nathan,Manchester City,Dc,Ds,,14,7.18,8.04,2,0,0,0,6,0,0,0,0,0,0
Ederson,Manchester City,Por,,,37,6.72,6.45,0,0,0,0,20,25,1,0,3,0,0
Walker Kyle,Manchester City,Dd,E,,20,7.26,7.83,0,2,0,0,10,0,0,0,1,0,0
Stones John,Manchester City,Dc,,,14,7.35,8.21,1,0,0,0,9,0,0,0,0,0,0
Laporte Aymeric,Manchester City,Dc,,,33,7.4,8.17,4,0,0,0,18,0,0,0,5,1,0
Mendy Benjamin,Manchester City,Ds,E,,1,7.1,7.1,0,0,0,0,0,0,0,0,0,0,0
Gundogan Ilkay,Manchester City,C,,,26,7.66,8.72,8,4,0,0,0,0,0,0,1,0,0
De Bruyne Kevin,Manchester City,T,,,30,7.9,9.64,15,8,0,0,0,0,0,0,2,0,0
Silva Bernardo,Manchester City,T,W,,35,7.67,8.39,8,4,0,0,0,0,0,0,6,0,0
Mahrez Riyad,Manchester City,W,A,,26,7.38,8.34,6,5,4,1,0,0,0,0,0,0,0
Zinchenko Oleksandr,Manchester City,Ds,E,,15,7.35,7.95,0,4,0,0,5,0,0,0,0,0,0
Foden Phil,Manchester City,A,,,28,7.42,8.55,9,5,0,0,0,0,0,0,1,0,0
Rodri,Manchester City,M,C,,33,7.95,8.82,7,2,0,0,17,0,0,0,5,0,0
Cancelo Joao,Manchester City,Ds,Dd,E,36,7.81,8.52,1,7,0,0,19,0,0,0,7,0,0
Carson Scott,Manchester City,Por,,,0,0,0,0,0,0,0,0,0,0,0,0,0,0
Phillips Kalvin,Manchester City,M,,,20,7.04,7.07,0,1,0,0,3,0,0,0,4,0,0
Muric Arijanet,Manchester City,Por,,,0,0,0,0,0,0,0,0,0,0,0,0,0,0
Palmer Cole,Manchester City,C,T,,3,6.43,6.43,0,0,0,0,0,0,0,0,0,0,0
Steffen Zack,Manchester City,Por,,,1,7.8,9.3,0,0,0,0,1,0,0,0,0,0,0
Dias Ruben,Manchester City,Dc,,,29,7.3,8.04,2,4,0,0,14,0,0,0,5,0,0
Stevanovic Filip,Manchester City,A,,,0,0,0,0,0,0,0,0,0,0,0,0,0,0
Ortega Stefan,Manchester City,Por,,,0,0,0,0,0,0,0,0,0,0,0,0,0,0
Haaland Erling,Manchester City,Pc,,,0,0,0,0,0,0,0,0,0,0,0,0,0,0
Herrera Yangel,Manchester City,C,,,0,0,0,0,0,0,0,0,0,0,0,0,0,0
Arzani Daniel,Manchester City,W,,,0,0,0,0,0,0,0,0,0,0,0,0,0,0
Bustos Nahuel,Manchester City,Pc,,,0,0,0,0,0,0,0,0,0,0,0,0,0,0
Ronaldo Cristiano,Manchester United,Pc,,,30,7.39,8.56,15,3,3,0,0,0,0,0,8,0,0
Eriksen Christian,Manchester United,C,T,,11,7.69,8.28,1,4,0,0,0,0,0,0,1,0,0
Heaton Tom,Manchester United,Por,,,0,0,0,0,0,0,0,0,0,0,0,0,0,0
de Gea David,Manchester United,Por,,,38,6.44,4.69,0,0,0,0,8,55,2,2,0,0,0
Lindelof Victor,Manchester United,Dc,,,27,6.69,6.91,0,2,0,0,6,0,0,0,4,0,0
Bailly Eric,Manchester United,Dc,,,4,6.33,5.7,0,0,0,0,0,0,0,0,1,0,1
Jones Phil,Manchester United,Dc,,,4,6.55,6.55,0,0,0,0,0,0,0,0,0,0,0
Dalot Diogo,Manchester United,Dd,E,,21,7.4,7.57,0,0,0,0,5,0,0,0,3,0,0
Shaw Luke,Manchester United,Ds,E,,20,6.91,7.01,0,3,0,0,3,0,0,0,8,0,0
Fred,Manchester United,M,C,,27,7.26,7.82,4,4,0,0,7,0,0,0,5,0,1
McTominay Scott,Manchester United,M,C,,30,7.05,7.16,1,1,0,0,8,0,0,0,9,0,0
Rashford Marcus,Manchester United,A,,,25,6.5,6.94,4,2,0,0,0,0,0,0,2,0,0
Martial Anthony,Manchester United,Pc,,,5,6.52,6.92,1,0,0,0,0,0,0,0,0,0,0
Greenwood Mason,Manchester United,A,,,18,7.21,7.93,5,1,0,0,0,0,0,0,1,0,0
Wan-Bissaka Aaron,Manchester United,Dd,E,,20,7.09,7.19,0,0,0,0,3,0,0,0,2,0,0
Tuanzebe Axel,Manchester United,Dc,Dd,,6,6.45,6.53,0,0,0,0,1,0,0,0,1,0,0
Maguire Harry,Manchester United,Dc,,,30,6.86,6.94,1,0,0,0,7,0,0,0,7,1,1
Chong Tahith,Manchester United,W,,,0,0,0,0,0,0,0,0,0,0,0,0,0,0
Williams Brandon,Manchester United,Ds,E,,25,6.87,6.83,0,1,0,0,2,0,0,0,8,0,0
Fernandes Bruno,Manchester United,T,,,36,7.52,8.21,10,6,0,2,0,0,0,0,10,0,0
Mengi Teden,Manchester United,Dc,,,0,0,0,0,0,0,0,0,0,0,0,0,0,0
Garner James,Manchester United,M,C,,0,0,0,0,0,0,0,0,0,0,0,0,0,0
van de Beek Donny,Manchester United,C,T,,9,6.52,7.13,2,0,0,0,0,0,0,0,1,0,0
Traore Amad,Manchester United,A,,,0,0,0,0,0,0,0,0,0,0,0,0,0,0
Elanga Anthony,Manchester United,W,A,,19,6.82,7.19,2,2,0,0,0,0,0,0,0,0,0
Telles Alex,Manchester United,Ds,E,,21,7.15,7.56,0,4,0,0,5,0,0,0,1,0,0
Pellistri Facundo,Manchester United,W,,,0,0,0,0,0,0,0,0,0,0,0,0,0,0
Sancho Jadon,Manchester United,A,,,29,7.04,7.4,3,3,0,0,0,0,0,0,0,0,0
Varane Raphael,Manchester United,Dc,,,21,7.08,7.51,1,1,0,0,5,0,0,0,0,0,0
Malacia Tyrell,Manchester United,Ds,E,,0,0,0,0,0,0,0,0,0,0,0,0,0,0
Mejbri Hannibal,Manchester United,T,,,0,0,0,0,0,0,0,0,0,0,0,0,0,0
Willock Joe,Newcastle,C,,,28,6.85,7.06,2,0,0,0,0,0,0,0,0,0,0
Targett Matt,Newcastle,Ds,E,,32,7.0,7.3,1,1,0,0,9,0,0,0,3,0,1
Fraser Ryan,Newcastle,W,,,24,6.65,6.96,2,3,0,0,0,0,0,0,3,0,0
Wilson Callum,Newcastle,Pc,,,18,6.68,7.46,6,0,2,0,0,0,0,0,4,0,0
Burn Dan,Newcastle,Dc,Ds,,27,7.0,7.22,0,1,0,0,9,0,0,0,8,0,0
Pope Nick,Newcastle,Por,,,36,6.86,5.33,0,0,0,0,9,42,5,0,1,0,0
Wood Chris,Newcastle,Pc,,,32,6.59,6.89,4,0,1,0,0,0,0,0,1,0,0
Dubravka Martin,Newcastle,Por,,,26,6.56,5.0,0,0,0,0,8,34,1,0,1,0,0
Darlow Karl,Newcastle,Por,,,8,5.85,3.1,0,0,0,0,0,13,2,0,1,0,0
Dummett Paul,Newcastle,Dc,Ds,,3,6.93,6.93,0,0,0,0,1,0,0,0,2,0,0
Schar Fabian,Newcastle,Dc,,,25,6.98,7.46,2,2,0,0,6,0,0,0,4,0,0
Lascelles Jamaal,Newcastle,Dc,,,25,6.5,6.48,1,0,0,0,3,0,0,0,5,0,2
Fernandez Federico,Newcastle,Dc,,,6,6.43,6.43,0,0,0,0,0,0,0,0,0,0,0
Manquillo Javier,Newcastle,Ds,Dd,E,16,6.78,6.99,1,2,0,0,1,0,0,0,5,0,0
Shelvey Jonjo,Newcastle,M,C,,23,7.11,7.35,2,1,0,0,6,0,0,0,5,1,0
Ritchie Matt,Newcastle,E,,,16,6.7,6.67,0,2,0,0,0,0,0,0,5,0,0
Almiron Miguel,Newcastle,T,,,27,6.75,6.82,1,0,0,0,0,0,0,0,2,0,0
Longstaff Sean,Newcastle,M,C,,20,6.72,6.95,1,1,0,0,2,0,0,0,1,0,0
Joelinton,Newcastle,T,A,,33,6.99,7.15,4,1,0,0,0,0,0,0,7,0,0
Saint-Maximin Allan,Newcastle,A,,,35,7.13,7.56,5,5,0,0,0,0,0,0,5,0,0
Krafth Emil,Newcastle,Dd,E,,19,6.92,7.1,0,1,0,0,5,0,0,0,5,0,0
Longstaff Matthew,Newcastle,M,C,,0,0,0,0,0,0,0,0,0,0,0,0,0,0
Gayle Dwight,Newcastle,Pc,,,1,6.2,6.2,0,0,0,0,0,0,0,0,0,0,0
Lewis Jamal,Newcastle,Ds,E,,4,6.48,6.6,0,0,0,0,1,0,0,0,1,0,0
Gillespie Mark,Newcastle,Por,,,0,0,0,0,0,0,0,0,0,0,0,0,0,0
Murphy Jacob,Newcastle,W,,,27,6.71,6.83,1,2,0,0,0,0,0,0,4,0,0
Trippier Kieran,Newcastle,Dd,E,,6,7.63,8.8,2,0,0,0,1,0,0,0,0,0,0
Botman Sven,Newcastle,Dc,,,0,0,0,0,0,0,0,0,0,0,0,0,0,0
Guimaraes Bruno,Newcastle,M,C,,13,7.44,8.67,5,1,0,0,4,0,0,0,4,0,0
Cook Steve,Nottingham Forest,Dc,,,0,0,0,0,0,0,0,0,0,0,0,0,0,0
Surridge Sam,Nottingham Forest,Pc,,,0,0,0,0,0,0,0,0,0,0,0,0,0,0
Hennessey Wayne,Nottingham Forest,Por,,,2,6.1,1.6,0,0,0,0,0,6,0,0,0,0,0
Henderson Dean,Nottingham Forest,Por,,,0,0,0,0,0,0,0,0,0,0,0,0,0,0
Williams Neco,Nottingham Forest,Dd,E,,0,0,0,0,0,0,0,0,0,0,0,0,0,0
Awoniyi Taiwo,Nottingham Forest,Pc,,,0,0,0,0,0,0,0,0,0,0,0,0,0,0
Silva Xande,Nottingham Forest,W,A,,0,0,0,0,0,0,0,0,0,0,0,0,0,0
Niakhate Moussa,Nottingham Forest,Dc,,,0,0,0,0,0,0,0,0,0,0,0,0,0,0
McKenna Scott,Nottingham Forest,Dc,,,0,0,0,0,0,0,0,0,0,0,0,0,0,0
Richards Omar,Nottingham Forest,Ds,E,,0,0,0,0,0,0,0,0,0,0,0,0,0,0
Biancone Giulian,Nottingham Forest,Dd,E,,0,0,0,0,0,0,0,0,0,0,0,0,0,0
Johnson Brennan,Nottingham Forest,A,,,0,0,0,0,0,0,0,0,0,0,0,0,0,0
Worrall Joe,Nottingham Forest,Dc,,,0,0,0,0,0,0,0,0,0,0,0,0,0,0
Mbe Soh Loic,Nottingham Forest,Dc,,,0,0,0,0,0,0,0,0,0,0,0,0,0,0
Laryea Richie,Nottingham Forest,E,,,0,0,0,0,0,0,0,0,0,0,0,0,0,0
Yates Ryan,Nottingham Forest,M,C,,0,0,0,0,0,0,0,0,0,0,0,0,0,0
Lolley Joe,Nottingham Forest,W,,,0,0,0,0,0,0,0,0,0,0,0,0,0,0
Lyanco,Southampton,Dc,,,13,6.6,6.6,0,0,0,0,1,0,0,0,2,0,0
Caballero Willy,Southampton,Por,,,2,5.95,1.95,0,0,0,0,0,5,0,0,1,0,0
Walcott Theo,Southampton,W,A,,6,6.37,6.37,0,0,0,0,0,0,0,0,0,0,0
McCarthy Alex,Southampton,Por,,,17,6.46,4.49,0,0,0,0,5,27,0,0,1,0,0
Stephens Jack,Southampton,Dc,,,10,6.69,6.64,0,0,0,0,1,0,0,0,3,0,0
Bednarek Jan,Southampton,Dc,,,31,6.93,7.32,4,0,0,0,7,0,0,0,10,0,1
Valery Yan,Southampton,E,,,5,6.78,6.88,0,0,0,0,1,0,0,0,0,0,0
Romeu Oriol,Southampton,M,C,,35,7.35,7.55,2,2,0,0,7,0,0,0,9,0,0
Ward-Prowse James,Southampton,C,T,,36,7.47,8.24,6,5,4,0,0,0,0,0,3,1,0
Armstrong Stuart,Southampton,C,T,,24,6.83,7.06,2,0,0,0,0,0,0,0,1,0,0
Redmond Nathan,Southampton,W,A,,24,6.91,7.23,1,5,0,0,0,0,0,0,0,0,0
Djenepo Moussa,Southampton,W,A,,9,6.47,6.3,0,0,0,0,0,0,0,0,3,0,0
Adams Che,Southampton,Pc,,,28,6.86,7.46,7,3,0,0,0,0,0,0,0,0,0
Walker-Peters Kyle,Southampton,Dd,E,,31,6.98,7.25,1,2,0,0,6,0,0,0,5,0,0
Salisu Mohammed,Southampton,Dc,,,34,7.01,6.95,0,0,0,0,6,0,0,0,8,1,1
Smallbone William,Southampton,C,,,3,6.43,6.43,0,0,0,0,0,0,0,0,0,0,0
Tella Nathan,Southampton,W,,,12,6.39,6.39,0,1,0,0,0,0,0,0,2,0,0
Diallo Ibrahima,Southampton,M,C,,18,6.79,6.9,0,2,0,0,1,0,0,0,1,0,0
Aribo Joe,Southampton,C,T,,0,0,0,0,0,0,0,0,0,0,0,0,0,0
Perraud Romain,Southampton,Ds,E,,19,6.71,6.84,0,1,0,0,3,0,0,0,3,0,0
Elyounoussi Mohamed,Southampton,W,A,,28,6.8,7.18,4,2,0,0,0,0,0,0,3,0,0
Bella-Kotchap Armel,Southampton,Dc,,,0,0,0,0,0,0,0,0,0,0,0,0,0,0
Livramento Valentino,Southampton,Dd,E,,26,7.1,7.48,1,1,0,0,7,0,0,0,2,0,0
Armstrong Adam,Southampton,Pc,,,20,6.56,6.83,2,2,0,0,0,0,0,0,1,0,0
Bazunu Gavin,Southampton,Por,,,0,0,0,0,0,0,0,0,0,0,0,0,0,0
Romero Cristian,Tottenham,Dc,,,21,7.28,7.47,1,0,0,0,5,0,0,0,8,0,0
Kulusevski Dejan,Tottenham,T,W,,16,7.44,8.73,5,7,0,0,0,0,0,0,3,0,0
Bentancur Rodrigo,Tottenham,C,,,15,7.51,7.54,0,3,0,0,0,0,0,0,5,0,0
Bissouma Yves,Tottenham,M,C,,26,7.33,7.44,1,2,0,0,6,0,0,0,10,0,0
Richarlison,Tottenham,A,,,30,7.02,7.82,7,5,3,0,0,0,0,0,9,0,0
Hojbjerg Pierre-Emile,Tottenham,M,C,,36,7.59,7.77,2,2,0,0,0,0,0,0,3,0,0
Lloris Hugo,Tottenham,Por,,,38,6.84,5.89,0,0,0,0,16,38,2,0,2,0,0
Sanchez Davinson,Tottenham,Dc,,,21,7.16,7.82,2,0,0,0,10,0,0,0,4,0,0
Davies Ben,Tottenham,Dc,Ds,,29,6.98,7.43,1,1,0,0,12,0,0,0,6,0,0
Winks Harry,Tottenham,M,C,,15,6.86,6.89,0,1,0,0,1,0,0,0,2,0,0
Dier Eric,Tottenham,Dc,,,35,6.93,7.32,0,0,0,0,16,0,0,0,1,0,1
Moura Lucas,Tottenham,A,,,31,7.05,7.34,2,6,0,0,0,0,0,0,4,0,0
Son Heung-Min,Tottenham,A,,,35,7.8,9.61,23,7,0,0,0,0,0,0,2,0,0
Kane Harry,Tottenham,Pc,,,37,7.49,8.59,13,9,4,0,0,0,0,0,5,0,0
Ndombele Tanguy,Tottenham,M,C,,8,6.74,7.24,1,1,0,0,0,0,0,0,0,0,0
Skipp Oliver,Tottenham,M,C,,18,6.86,6.91,0,0,0,0,8,0,0,0,6,0,0
Sessegnon Ryan,Tottenham,Ds,E,,15,6.77,7.24,0,2,0,0,6,0,0,0,2,0,0
Tanganga Japhet,Tottenham,Dc,Ds,Dd,10,6.65,6.85,0,0,0,0,5,0,0,0,2,1,0
Lo Celso Giovani,Tottenham,C,T,,7,6.47,6.47,0,0,0,0,0,0,0,0,0,0,0
Doherty Matt,Tottenham,Dd,E,,13,7.29,8.29,2,4,0,0,3,0,0,0,0,0,0
Forster Fraser,Tottenham,Por,,,19,6.57,4.07,0,0,0,0,3,33,2,0,1,0,0
Austin Brandon,Tottenham,Por,,,0,0,0,0,0,0,0,0,0,0,0,0,0,0
Perisic Ivan,Tottenham,E,W,,0,0,0,0,0,0,0,0,0,0,0,0,0,0
Reguilon Sergio,Tottenham,Ds,E,,24,7.24,7.91,2,3,0,0,9,0,0,0,4,0,0
Rodon Joe,Tottenham,Dc,,,1,6.3,6.3,0,0,0,0,0,0,0,0,0,0,0
Lenglet Clement,Tottenham,Dc,,,0,0,0,0,0,0,0,0,0,0,0,0,0,0
Emerson Royal,Tottenham,Dd,E,,29,7.16,7.52,1,1,0,0,9,0,0,0,5,0,0
Gil Bryan,Tottenham,W,,,4,6.43,6.43,0,0,0,0,0,0,0,0,0,0,0
Sarr Pape,Tottenham,M,C,,0,0,0,0,0,0,0,0,0,0,0,0,0,0
Zouma Kurt,West Ham,Dc,,,24,6.79,7.02,1,0,0,0,5,0,0,0,1,0,1
Dawson Craig,West Ham,Dc,,,32,6.78,7.1,2,2,0,0,6,0,0,0,4,1,0
Fabianski Lukasz,West Ham,Por,,,37,6.5,5.04,0,0,0,0,8,48,2,3,2,0,0
Cresswell Aaron,West Ham,Ds,E,,31,7.1,7.57,2,3,0,0,7,0,0,0,3,0,0
Ogbonna Angelo,West Ham,Dc,,,11,6.89,7.39,1,0,0,0,3,0,0,0,1,0,0
Diop Issa,West Ham,Dc,,,11,6.72,6.99,0,1,0,0,2,0,0,0,0,0,0
Masuaku Arthur,West Ham,Ds,E,,11,6.96,7.37,1,1,0,0,1,0,0,0,1,0,0
Lanzini Manuel,West Ham,T,W,,27,7.15,7.67,2,3,3,0,0,0,0,0,2,0,0
Antonio Michail,West Ham,Pc,,,36,6.95,7.51,10,8,0,1,0,0,0,0,6,1,0
Rice Declan,West Ham,M,,,36,7.49,7.68,1,4,0,0,8,0,0,0,8,0,0
Fornals Pablo,West Ham,T,W,,36,7.12,7.65,6,3,0,0,0,0,0,0,4,0,0
Randolph Darren,West Ham,Por,,,0,0,0,0,0,0,0,0,0,0,0,0,0,0
Soucek Tomas,West Ham,M,,,35,7.04,7.54,5,1,0,0,6,0,0,0,3,0,0
Bowen Jarrod,West Ham,A,,,36,7.32,8.35,12,10,0,0,0,0,0,0,6,0,0
Johnson Ben,West Ham,Dd,E,,17,7.04,7.36,1,0,0,0,3,0,0,0,1,0,0
Areola Alphonse,West Ham,Por,,,1,6.5,5.0,0,0,0,0,0,1,0,0,0,0,0
Coventry Conor,West Ham,M,C,,0,0,0,0,0,0,0,0,0,0,0,0,0,0
Coufal Vladimir,West Ham,Dd,E,,26,6.89,7.02,0,4,0,0,5,0,0,0,3,1,1
Benrahma Said,West Ham,A,,,31,7.19,8.03,8,6,0,0,0,0,0,0,0,0,0
Vlasic Nikola,West Ham,T,W,,15,6.37,6.37,0,0,0,0,0,0,0,0,0,0,0
Aguerd Nayef,West Ham,Dc,,,0,0,0,0,0,0,0,0,0,0,0,0,0,0
Cutrone Patrick,Wolverhampton,Pc,,,0,0,0,0,0,0,0,0,0,0,0,0,0,0
Sarkic Matija,Wolverhampton,Por,,,0,0,0,0,0,0,0,0,0,0,0,0,0,0
Boly Willy,Wolverhampton,Dc,,,10,6.73,6.78,0,0,0,0,1,0,0,0,1,0,0
Coady Conor,Wolverhampton,Dc,,,38,6.85,7.39,4,0,0,0,11,0,0,0,5,0,0
Otto Jonny,Wolverhampton,Ds,Dd,E,13,6.85,7.43,2,0,0,0,2,0,0,0,1,0,0
Kilman Max,Wolverhampton,Dc,Ds,,30,7.22,7.61,1,0,0,0,10,0,0,0,3,0,0
Neves Ruben,Wolverhampton,M,C,,31,7.39,7.84,4,2,0,0,9,0,0,0,9,0,0
Gibbs-White Morgan,Wolverhampton,C,T,,0,0,0,0,0,0,0,0,0,0,0,0,0,0
Moutinho Joao,Wolverhampton,C,T,,35,7.15,7.3,2,1,0,0,0,0,0,0,4,0,0
Traore Adama,Wolverhampton,W,A,,19,6.98,7.12,1,0,0,0,0,0,0,0,0,0,0
Dendoncker Leander,Wolverhampton,M,,,24,6.88,7.23,2,2,0,0,5,0,0,0,4,0,0
Jimenez Raul,Wolverhampton,Pc,,,32,6.78,7.07,5,4,1,0,0,0,0,0,5,2,0
Jordao Bruno,Wolverhampton,C,,,0,0,0,0,0,0,0,0,0,0,0,0,0,0
Neto Pedro,Wolverhampton,A,,,12,6.65,6.82,1,1,0,0,0,0,0,0,3,0,0
Podence Daniel,Wolverhampton,A,,,24,6.98,7.27,2,3,0,0,0,0,0,0,2,0,0
Bonatini Leo,Wolverhampton,Pc,,,0,0,0,0,0,0,0,0,0,0,0,0,0,0
Silva Fabio,Wolverhampton,Pc,,,10,6.05,6.05,0,0,0,0,0,0,0,0,0,0,0
Semedo Nelson,Wolverhampton,Dd,E,,25,7.26,7.6,0,1,0,0,8,0,0,0,1,0,0
Ait Nouri Rayan,Wolverhampton,Ds,E,,21,7.32,7.7,1,2,0,0,5,0,0,0,4,0,0
Hwang Hee-Chan,Wolverhampton,Pc,,,28,6.75,7.11,5,1,0,0,0,0,0,0,2,0,0
Mosquera Yerson,Wolverhampton,Dc,,,0,0,0,0,0,0,0,0,0,0,0,0,0,0
Collins Nathan,Wolverhampton,Dc,,,19,7.11,7.53,2,0,0,0,5,0,0,0,2,1,0
Sa Jose,Wolverhampton,Por,,,37,6.92,5.76,0,1,0,0,11,34,6,0,3,0,1
Ronan Connor,Wolverhampton,C,,,0,0,0,0,0,0,0,0,0,0,0,0,0,0
Chiquinho,Wolverhampton,W,,,5,6.9,7.3,0,2,0,0,0,0,0,0,0,0,0
Gomes Toti,Wolverhampton,Dc,,,4,7.2,7.08,0,0,0,0,0,0,0,0,1,0,0
